plugin,skill,check_id,severity,result,detail
rev-ops,annual-planning-workflow,1.1,BLOCK,PASS,deployment_target=plugin
rev-ops,annual-planning-workflow,1.1a,BLOCK,PASS,no top-level security: block in frontmatter
rev-ops,annual-planning-workflow,1.2,WARN,PASS,version=1.0.0
rev-ops,annual-planning-workflow,1.3,WARN,PASS,name=annual-planning-workflow
rev-ops,annual-planning-workflow,1.4,WARN,PASS,description present
rev-ops,annual-planning-workflow,2.1,BLOCK,PASS,## Use When / Trigger Precision present
rev-ops,annual-planning-workflow,2.2,BLOCK,PASS,## Do NOT Use For / Trigger Precision present
rev-ops,annual-planning-workflow,2.3,WARN,FAIL,## Typical Activation section missing
rev-ops,annual-planning-workflow,3.1,WARN,FAIL,## Pre-flight section missing
rev-ops,annual-planning-workflow,3.2,WARN,FAIL,company-profile.md not referenced
rev-ops,annual-planning-workflow,5.1,WARN,PASS,## Reasoning Protocol present
rev-ops,annual-planning-workflow,5.1-D1a,WARN,FAIL,D1 opening line missing: 'Before generating output; apply these primers:'
rev-ops,annual-planning-workflow,5.1-D1b,WARN,FAIL,missing primers: CLASSIFY;CONSTRAINTS;EXPERT CHECK;ANTI-PATTERNS
rev-ops,annual-planning-workflow,5.1-D1c,WARN,FAIL,post-execution verification block missing ('**After execution**; verify:')
rev-ops,annual-planning-workflow,5.1-D1d,WARN,FAIL,3-band confidence calibration missing (High/Medium/Low format)
rev-ops,annual-planning-workflow,5.1-D4a,WARN,SKIP,anti-pattern count=0 (check 5.1 FAIL may explain; verify manually)
rev-ops,annual-planning-workflow,5.1a,WARN,FAIL,references/reasoning-blueprint.md not found
rev-ops,annual-planning-workflow,6.1,WARN,FAIL,## Reference Files section missing
rev-ops,annual-planning-workflow,6.1a,WARN,FAIL,reasoning-blueprint.md not referenced in SKILL.md
rev-ops,annual-planning-workflow,9.1,WARN,PASS,G-code governance reference found
rev-ops,annual-planning-workflow,S1,WARN,FAIL,no output status signal found (PROPOSED/VALIDATED/DRAFT)
rev-ops,change-communication-packaging,1.1,BLOCK,PASS,deployment_target=plugin
rev-ops,change-communication-packaging,1.1a,BLOCK,PASS,no top-level security: block in frontmatter
rev-ops,change-communication-packaging,1.2,WARN,PASS,version=1.0.0
rev-ops,change-communication-packaging,1.3,WARN,PASS,name=change-communication-packaging
rev-ops,change-communication-packaging,1.4,WARN,PASS,description present
rev-ops,change-communication-packaging,2.1,BLOCK,PASS,## Use When / Trigger Precision present
rev-ops,change-communication-packaging,2.2,BLOCK,PASS,## Do NOT Use For / Trigger Precision present
rev-ops,change-communication-packaging,2.3,WARN,FAIL,## Typical Activation section missing
rev-ops,change-communication-packaging,3.1,WARN,FAIL,## Pre-flight section missing
rev-ops,change-communication-packaging,3.2,WARN,FAIL,company-profile.md not referenced
rev-ops,change-communication-packaging,5.1,WARN,PASS,## Reasoning Protocol present
rev-ops,change-communication-packaging,5.1-D1a,WARN,FAIL,D1 opening line missing: 'Before generating output; apply these primers:'
rev-ops,change-communication-packaging,5.1-D1b,WARN,FAIL,missing primers: CLASSIFY;CONSTRAINTS;EXPERT CHECK;ANTI-PATTERNS
rev-ops,change-communication-packaging,5.1-D1c,WARN,FAIL,post-execution verification block missing ('**After execution**; verify:')
rev-ops,change-communication-packaging,5.1-D1d,WARN,FAIL,3-band confidence calibration missing (High/Medium/Low format)
rev-ops,change-communication-packaging,5.1-D4a,WARN,SKIP,anti-pattern count=0 (check 5.1 FAIL may explain; verify manually)
rev-ops,change-communication-packaging,5.1a,WARN,FAIL,references/reasoning-blueprint.md not found
rev-ops,change-communication-packaging,6.1,WARN,FAIL,## Reference Files section missing
rev-ops,change-communication-packaging,6.1a,WARN,FAIL,reasoning-blueprint.md not referenced in SKILL.md
rev-ops,change-communication-packaging,9.1,WARN,PASS,G-code governance reference found
rev-ops,change-communication-packaging,S1,WARN,PASS,status signal=[DRAFT]
rev-ops,closed-won-to-cs-capacity-modeling,1.1,BLOCK,PASS,deployment_target=plugin
rev-ops,closed-won-to-cs-capacity-modeling,1.1a,BLOCK,PASS,no top-level security: block in frontmatter
rev-ops,closed-won-to-cs-capacity-modeling,1.2,WARN,PASS,version=1.0.0
rev-ops,closed-won-to-cs-capacity-modeling,1.3,WARN,PASS,name=closed-won-to-cs-capacity-modeling
rev-ops,closed-won-to-cs-capacity-modeling,1.4,WARN,PASS,description present
rev-ops,closed-won-to-cs-capacity-modeling,2.1,BLOCK,PASS,## Use When / Trigger Precision present
rev-ops,closed-won-to-cs-capacity-modeling,2.2,BLOCK,PASS,## Do NOT Use For / Trigger Precision present
rev-ops,closed-won-to-cs-capacity-modeling,2.3,WARN,FAIL,## Typical Activation section missing
rev-ops,closed-won-to-cs-capacity-modeling,3.1,WARN,FAIL,## Pre-flight section missing
rev-ops,closed-won-to-cs-capacity-modeling,3.2,WARN,FAIL,company-profile.md not referenced
rev-ops,closed-won-to-cs-capacity-modeling,5.1,WARN,PASS,## Reasoning Protocol present
rev-ops,closed-won-to-cs-capacity-modeling,5.1-D1a,WARN,FAIL,D1 opening line missing: 'Before generating output; apply these primers:'
rev-ops,closed-won-to-cs-capacity-modeling,5.1-D1b,WARN,FAIL,missing primers: CLASSIFY;CONSTRAINTS;EXPERT CHECK;ANTI-PATTERNS
rev-ops,closed-won-to-cs-capacity-modeling,5.1-D1c,WARN,FAIL,post-execution verification block missing ('**After execution**; verify:')
rev-ops,closed-won-to-cs-capacity-modeling,5.1-D1d,WARN,FAIL,3-band confidence calibration missing (High/Medium/Low format)
rev-ops,closed-won-to-cs-capacity-modeling,5.1-D4a,WARN,SKIP,anti-pattern count=0 (check 5.1 FAIL may explain; verify manually)
rev-ops,closed-won-to-cs-capacity-modeling,5.1a,WARN,FAIL,references/reasoning-blueprint.md not found
rev-ops,closed-won-to-cs-capacity-modeling,6.1,WARN,FAIL,## Reference Files section missing
rev-ops,closed-won-to-cs-capacity-modeling,6.1a,WARN,FAIL,reasoning-blueprint.md not referenced in SKILL.md
rev-ops,closed-won-to-cs-capacity-modeling,9.1,WARN,PASS,G-code governance reference found
rev-ops,closed-won-to-cs-capacity-modeling,S1,WARN,FAIL,no output status signal found (PROPOSED/VALIDATED/DRAFT)
rev-ops,cold-start-interview,1.1,BLOCK,PASS,deployment_target=plugin
rev-ops,cold-start-interview,1.1a,BLOCK,PASS,no top-level security: block in frontmatter
rev-ops,cold-start-interview,1.2,WARN,PASS,version=1.0.0
rev-ops,cold-start-interview,1.3,WARN,PASS,name=cold-start-interview
rev-ops,cold-start-interview,1.4,WARN,PASS,description present
rev-ops,cold-start-interview,2.1,BLOCK,PASS,## Use When / Trigger Precision present
rev-ops,cold-start-interview,2.2,BLOCK,PASS,## Do NOT Use For / Trigger Precision present
rev-ops,cold-start-interview,2.3,WARN,FAIL,## Typical Activation section missing
rev-ops,cold-start-interview,3.1,WARN,FAIL,## Pre-flight section missing
rev-ops,cold-start-interview,3.2,WARN,PASS,company-profile.md referenced
rev-ops,cold-start-interview,5.1,WARN,PASS,## Reasoning Protocol present
rev-ops,cold-start-interview,5.1-D1a,WARN,FAIL,D1 opening line missing: 'Before generating output; apply these primers:'
rev-ops,cold-start-interview,5.1-D1b,WARN,FAIL,missing primers: CLASSIFY;CONSTRAINTS;EXPERT CHECK;ANTI-PATTERNS
rev-ops,cold-start-interview,5.1-D1c,WARN,FAIL,post-execution verification block missing ('**After execution**; verify:')
rev-ops,cold-start-interview,5.1-D1d,WARN,FAIL,3-band confidence calibration missing (High/Medium/Low format)
rev-ops,cold-start-interview,5.1-D4a,WARN,SKIP,anti-pattern count=0 (check 5.1 FAIL may explain; verify manually)
rev-ops,cold-start-interview,5.1a,WARN,FAIL,references/reasoning-blueprint.md not found
rev-ops,cold-start-interview,6.1,WARN,FAIL,## Reference Files section missing
rev-ops,cold-start-interview,6.1a,WARN,FAIL,reasoning-blueprint.md not referenced in SKILL.md
rev-ops,cold-start-interview,9.1,WARN,PASS,G-code governance reference found
rev-ops,cold-start-interview,S1,WARN,FAIL,no output status signal found (PROPOSED/VALIDATED/DRAFT)
rev-ops,comp-simulation,1.1,BLOCK,PASS,deployment_target=plugin
rev-ops,comp-simulation,1.1a,BLOCK,PASS,no top-level security: block in frontmatter
rev-ops,comp-simulation,1.2,WARN,PASS,version=1.0.0
rev-ops,comp-simulation,1.3,WARN,PASS,name=comp-simulation
rev-ops,comp-simulation,1.4,WARN,PASS,description present
rev-ops,comp-simulation,2.1,BLOCK,PASS,## Use When / Trigger Precision present
rev-ops,comp-simulation,2.2,BLOCK,PASS,## Do NOT Use For / Trigger Precision present
rev-ops,comp-simulation,2.3,WARN,FAIL,## Typical Activation section missing
rev-ops,comp-simulation,3.1,WARN,FAIL,## Pre-flight section missing
rev-ops,comp-simulation,3.2,WARN,FAIL,company-profile.md not referenced
rev-ops,comp-simulation,5.1,WARN,PASS,## Reasoning Protocol present
rev-ops,comp-simulation,5.1-D1a,WARN,FAIL,D1 opening line missing: 'Before generating output; apply these primers:'
rev-ops,comp-simulation,5.1-D1b,WARN,FAIL,missing primers: CLASSIFY;CONSTRAINTS;EXPERT CHECK;ANTI-PATTERNS
rev-ops,comp-simulation,5.1-D1c,WARN,FAIL,post-execution verification block missing ('**After execution**; verify:')
rev-ops,comp-simulation,5.1-D1d,WARN,FAIL,3-band confidence calibration missing (High/Medium/Low format)
rev-ops,comp-simulation,5.1-D4a,WARN,SKIP,anti-pattern count=0 (check 5.1 FAIL may explain; verify manually)
rev-ops,comp-simulation,5.1a,WARN,FAIL,references/reasoning-blueprint.md not found
rev-ops,comp-simulation,6.1,WARN,FAIL,## Reference Files section missing
rev-ops,comp-simulation,6.1a,WARN,FAIL,reasoning-blueprint.md not referenced in SKILL.md
rev-ops,comp-simulation,9.1,WARN,PASS,G-code governance reference found
rev-ops,comp-simulation,S1,WARN,PASS,status signal=[DRAFT]
rev-ops,crm-hygiene-audit,1.1,BLOCK,PASS,deployment_target=plugin
rev-ops,crm-hygiene-audit,1.1a,BLOCK,PASS,no top-level security: block in frontmatter
rev-ops,crm-hygiene-audit,1.2,WARN,PASS,version=1.0.0
rev-ops,crm-hygiene-audit,1.3,WARN,PASS,name=crm-hygiene-audit
rev-ops,crm-hygiene-audit,1.4,WARN,PASS,description present
rev-ops,crm-hygiene-audit,2.1,BLOCK,PASS,## Use When / Trigger Precision present
rev-ops,crm-hygiene-audit,2.2,BLOCK,PASS,## Do NOT Use For / Trigger Precision present
rev-ops,crm-hygiene-audit,2.3,WARN,FAIL,## Typical Activation section missing
rev-ops,crm-hygiene-audit,3.1,WARN,FAIL,## Pre-flight section missing
rev-ops,crm-hygiene-audit,3.2,WARN,FAIL,company-profile.md not referenced
rev-ops,crm-hygiene-audit,5.1,WARN,PASS,## Reasoning Protocol present
rev-ops,crm-hygiene-audit,5.1-D1a,WARN,FAIL,D1 opening line missing: 'Before generating output; apply these primers:'
rev-ops,crm-hygiene-audit,5.1-D1b,WARN,FAIL,missing primers: CLASSIFY;CONSTRAINTS;EXPERT CHECK;ANTI-PATTERNS
rev-ops,crm-hygiene-audit,5.1-D1c,WARN,FAIL,post-execution verification block missing ('**After execution**; verify:')
rev-ops,crm-hygiene-audit,5.1-D1d,WARN,FAIL,3-band confidence calibration missing (High/Medium/Low format)
rev-ops,crm-hygiene-audit,5.1-D4a,WARN,SKIP,anti-pattern count=0 (check 5.1 FAIL may explain; verify manually)
rev-ops,crm-hygiene-audit,5.1a,WARN,FAIL,references/reasoning-blueprint.md not found
rev-ops,crm-hygiene-audit,6.1,WARN,FAIL,## Reference Files section missing
rev-ops,crm-hygiene-audit,6.1a,WARN,FAIL,reasoning-blueprint.md not referenced in SKILL.md
rev-ops,crm-hygiene-audit,9.1,WARN,PASS,G-code governance reference found
rev-ops,crm-hygiene-audit,S1,WARN,FAIL,no output status signal found (PROPOSED/VALIDATED/DRAFT)
rev-ops,cross-system-reconciliation,1.1,BLOCK,PASS,deployment_target=plugin
rev-ops,cross-system-reconciliation,1.1a,BLOCK,PASS,no top-level security: block in frontmatter
rev-ops,cross-system-reconciliation,1.2,WARN,PASS,version=1.0.0
rev-ops,cross-system-reconciliation,1.3,WARN,PASS,name=cross-system-reconciliation
rev-ops,cross-system-reconciliation,1.4,WARN,PASS,description present
rev-ops,cross-system-reconciliation,2.1,BLOCK,PASS,## Use When / Trigger Precision present
rev-ops,cross-system-reconciliation,2.2,BLOCK,PASS,## Do NOT Use For / Trigger Precision present
rev-ops,cross-system-reconciliation,2.3,WARN,FAIL,## Typical Activation section missing
rev-ops,cross-system-reconciliation,3.1,WARN,FAIL,## Pre-flight section missing
rev-ops,cross-system-reconciliation,3.2,WARN,FAIL,company-profile.md not referenced
rev-ops,cross-system-reconciliation,5.1,WARN,PASS,## Reasoning Protocol present
rev-ops,cross-system-reconciliation,5.1-D1a,WARN,FAIL,D1 opening line missing: 'Before generating output; apply these primers:'
rev-ops,cross-system-reconciliation,5.1-D1b,WARN,FAIL,missing primers: CLASSIFY;CONSTRAINTS;EXPERT CHECK;ANTI-PATTERNS
rev-ops,cross-system-reconciliation,5.1-D1c,WARN,FAIL,post-execution verification block missing ('**After execution**; verify:')
rev-ops,cross-system-reconciliation,5.1-D1d,WARN,FAIL,3-band confidence calibration missing (High/Medium/Low format)
rev-ops,cross-system-reconciliation,5.1-D4a,WARN,SKIP,anti-pattern count=0 (check 5.1 FAIL may explain; verify manually)
rev-ops,cross-system-reconciliation,5.1a,WARN,FAIL,references/reasoning-blueprint.md not found
rev-ops,cross-system-reconciliation,6.1,WARN,FAIL,## Reference Files section missing
rev-ops,cross-system-reconciliation,6.1a,WARN,FAIL,reasoning-blueprint.md not referenced in SKILL.md
rev-ops,cross-system-reconciliation,9.1,WARN,PASS,G-code governance reference found
rev-ops,cross-system-reconciliation,S1,WARN,FAIL,no output status signal found (PROPOSED/VALIDATED/DRAFT)
rev-ops,csql-tracking,1.1,BLOCK,PASS,deployment_target=plugin
rev-ops,csql-tracking,1.1a,BLOCK,PASS,no top-level security: block in frontmatter
rev-ops,csql-tracking,1.2,WARN,PASS,version=1.0.0
rev-ops,csql-tracking,1.3,WARN,PASS,name=rev-ops:csql-tracking
rev-ops,csql-tracking,1.4,WARN,PASS,description present
rev-ops,csql-tracking,2.1,BLOCK,PASS,## Use When / Trigger Precision present
rev-ops,csql-tracking,2.2,BLOCK,PASS,## Do NOT Use For / Trigger Precision present
rev-ops,csql-tracking,2.3,WARN,PASS,## Typical Activation present
rev-ops,csql-tracking,3.1,WARN,FAIL,## Pre-flight section missing
rev-ops,csql-tracking,3.2,WARN,FAIL,company-profile.md not referenced
rev-ops,csql-tracking,5.1,WARN,FAIL,## Reasoning Protocol section missing
rev-ops,csql-tracking,5.1-D1a,WARN,FAIL,D1 opening line missing: 'Before generating output; apply these primers:'
rev-ops,csql-tracking,5.1-D1b,WARN,FAIL,missing primers: CLASSIFY;CONSTRAINTS;EXPERT CHECK;ANTI-PATTERNS
rev-ops,csql-tracking,5.1-D1c,WARN,FAIL,post-execution verification block missing ('**After execution**; verify:')
rev-ops,csql-tracking,5.1-D1d,WARN,FAIL,3-band confidence calibration missing (High/Medium/Low format)
rev-ops,csql-tracking,5.1-D4a,WARN,SKIP,anti-pattern count=0 (check 5.1 FAIL may explain; verify manually)
rev-ops,csql-tracking,5.1a,WARN,FAIL,references/reasoning-blueprint.md not found
rev-ops,csql-tracking,6.1,WARN,PASS,## Reference Files section present
rev-ops,csql-tracking,6.1a,WARN,FAIL,reasoning-blueprint.md not referenced in SKILL.md
rev-ops,csql-tracking,9.1,WARN,FAIL,no G-code references found in SKILL.md
rev-ops,csql-tracking,S1,WARN,FAIL,no output status signal found (PROPOSED/VALIDATED/DRAFT)
rev-ops,data-decay-tracking,1.1,BLOCK,PASS,deployment_target=plugin
rev-ops,data-decay-tracking,1.1a,BLOCK,PASS,no top-level security: block in frontmatter
rev-ops,data-decay-tracking,1.2,WARN,PASS,version=1.0.0
rev-ops,data-decay-tracking,1.3,WARN,PASS,name=data-decay-tracking
rev-ops,data-decay-tracking,1.4,WARN,PASS,description present
rev-ops,data-decay-tracking,2.1,BLOCK,PASS,## Use When / Trigger Precision present
rev-ops,data-decay-tracking,2.2,BLOCK,PASS,## Do NOT Use For / Trigger Precision present
rev-ops,data-decay-tracking,2.3,WARN,FAIL,## Typical Activation section missing
rev-ops,data-decay-tracking,3.1,WARN,FAIL,## Pre-flight section missing
rev-ops,data-decay-tracking,3.2,WARN,FAIL,company-profile.md not referenced
rev-ops,data-decay-tracking,5.1,WARN,PASS,## Reasoning Protocol present
rev-ops,data-decay-tracking,5.1-D1a,WARN,FAIL,D1 opening line missing: 'Before generating output; apply these primers:'
rev-ops,data-decay-tracking,5.1-D1b,WARN,FAIL,missing primers: CLASSIFY;CONSTRAINTS;EXPERT CHECK;ANTI-PATTERNS
rev-ops,data-decay-tracking,5.1-D1c,WARN,FAIL,post-execution verification block missing ('**After execution**; verify:')
rev-ops,data-decay-tracking,5.1-D1d,WARN,FAIL,3-band confidence calibration missing (High/Medium/Low format)
rev-ops,data-decay-tracking,5.1-D4a,WARN,SKIP,anti-pattern count=0 (check 5.1 FAIL may explain; verify manually)
rev-ops,data-decay-tracking,5.1a,WARN,FAIL,references/reasoning-blueprint.md not found
rev-ops,data-decay-tracking,6.1,WARN,FAIL,## Reference Files section missing
rev-ops,data-decay-tracking,6.1a,WARN,FAIL,reasoning-blueprint.md not referenced in SKILL.md
rev-ops,data-decay-tracking,9.1,WARN,PASS,G-code governance reference found
rev-ops,data-decay-tracking,S1,WARN,FAIL,no output status signal found (PROPOSED/VALIDATED/DRAFT)
rev-ops,deal-classification,1.1,BLOCK,PASS,deployment_target=plugin
rev-ops,deal-classification,1.1a,BLOCK,PASS,no top-level security: block in frontmatter
rev-ops,deal-classification,1.2,WARN,PASS,version=1.0.0
rev-ops,deal-classification,1.3,WARN,PASS,name=deal-classification
rev-ops,deal-classification,1.4,WARN,PASS,description present
rev-ops,deal-classification,2.1,BLOCK,PASS,## Use When / Trigger Precision present
rev-ops,deal-classification,2.2,BLOCK,PASS,## Do NOT Use For / Trigger Precision present
rev-ops,deal-classification,2.3,WARN,FAIL,## Typical Activation section missing
rev-ops,deal-classification,3.1,WARN,FAIL,## Pre-flight section missing
rev-ops,deal-classification,3.2,WARN,FAIL,company-profile.md not referenced
rev-ops,deal-classification,5.1,WARN,PASS,## Reasoning Protocol present
rev-ops,deal-classification,5.1-D1a,WARN,FAIL,D1 opening line missing: 'Before generating output; apply these primers:'
rev-ops,deal-classification,5.1-D1b,WARN,FAIL,missing primers: CLASSIFY;CONSTRAINTS;EXPERT CHECK;ANTI-PATTERNS
rev-ops,deal-classification,5.1-D1c,WARN,FAIL,post-execution verification block missing ('**After execution**; verify:')
rev-ops,deal-classification,5.1-D1d,WARN,FAIL,3-band confidence calibration missing (High/Medium/Low format)
rev-ops,deal-classification,5.1-D4a,WARN,SKIP,anti-pattern count=0 (check 5.1 FAIL may explain; verify manually)
rev-ops,deal-classification,5.1a,WARN,FAIL,references/reasoning-blueprint.md not found
rev-ops,deal-classification,6.1,WARN,FAIL,## Reference Files section missing
rev-ops,deal-classification,6.1a,WARN,FAIL,reasoning-blueprint.md not referenced in SKILL.md
rev-ops,deal-classification,9.1,WARN,PASS,G-code governance reference found
rev-ops,deal-classification,S1,WARN,FAIL,no output status signal found (PROPOSED/VALIDATED/DRAFT)
rev-ops,deal-desk-workflow-management,1.1,BLOCK,PASS,deployment_target=plugin
rev-ops,deal-desk-workflow-management,1.1a,BLOCK,PASS,no top-level security: block in frontmatter
rev-ops,deal-desk-workflow-management,1.2,WARN,PASS,version=1.0.0
rev-ops,deal-desk-workflow-management,1.3,WARN,PASS,name=deal-desk-workflow-management
rev-ops,deal-desk-workflow-management,1.4,WARN,PASS,description present
rev-ops,deal-desk-workflow-management,2.1,BLOCK,PASS,## Use When / Trigger Precision present
rev-ops,deal-desk-workflow-management,2.2,BLOCK,PASS,## Do NOT Use For / Trigger Precision present
rev-ops,deal-desk-workflow-management,2.3,WARN,FAIL,## Typical Activation section missing
rev-ops,deal-desk-workflow-management,3.1,WARN,FAIL,## Pre-flight section missing
rev-ops,deal-desk-workflow-management,3.2,WARN,FAIL,company-profile.md not referenced
rev-ops,deal-desk-workflow-management,5.1,WARN,PASS,## Reasoning Protocol present
rev-ops,deal-desk-workflow-management,5.1-D1a,WARN,FAIL,D1 opening line missing: 'Before generating output; apply these primers:'
rev-ops,deal-desk-workflow-management,5.1-D1b,WARN,FAIL,missing primers: CLASSIFY;CONSTRAINTS;EXPERT CHECK;ANTI-PATTERNS
rev-ops,deal-desk-workflow-management,5.1-D1c,WARN,FAIL,post-execution verification block missing ('**After execution**; verify:')
rev-ops,deal-desk-workflow-management,5.1-D1d,WARN,FAIL,3-band confidence calibration missing (High/Medium/Low format)
rev-ops,deal-desk-workflow-management,5.1-D4a,WARN,SKIP,anti-pattern count=0 (check 5.1 FAIL may explain; verify manually)
rev-ops,deal-desk-workflow-management,5.1a,WARN,FAIL,references/reasoning-blueprint.md not found
rev-ops,deal-desk-workflow-management,6.1,WARN,FAIL,## Reference Files section missing
rev-ops,deal-desk-workflow-management,6.1a,WARN,FAIL,reasoning-blueprint.md not referenced in SKILL.md
rev-ops,deal-desk-workflow-management,9.1,WARN,PASS,G-code governance reference found
rev-ops,deal-desk-workflow-management,S1,WARN,FAIL,no output status signal found (PROPOSED/VALIDATED/DRAFT)
rev-ops,deal-health-scoring,1.1,BLOCK,PASS,deployment_target=plugin
rev-ops,deal-health-scoring,1.1a,BLOCK,PASS,no top-level security: block in frontmatter
rev-ops,deal-health-scoring,1.2,WARN,PASS,version=1.0.0
rev-ops,deal-health-scoring,1.3,WARN,PASS,name=deal-health-scoring
rev-ops,deal-health-scoring,1.4,WARN,PASS,description present
rev-ops,deal-health-scoring,2.1,BLOCK,PASS,## Use When / Trigger Precision present
rev-ops,deal-health-scoring,2.2,BLOCK,PASS,## Do NOT Use For / Trigger Precision present
rev-ops,deal-health-scoring,2.3,WARN,FAIL,## Typical Activation section missing
rev-ops,deal-health-scoring,3.1,WARN,FAIL,## Pre-flight section missing
rev-ops,deal-health-scoring,3.2,WARN,FAIL,company-profile.md not referenced
rev-ops,deal-health-scoring,5.1,WARN,PASS,## Reasoning Protocol present
rev-ops,deal-health-scoring,5.1-D1a,WARN,FAIL,D1 opening line missing: 'Before generating output; apply these primers:'
rev-ops,deal-health-scoring,5.1-D1b,WARN,FAIL,missing primers: CLASSIFY;CONSTRAINTS;EXPERT CHECK;ANTI-PATTERNS
rev-ops,deal-health-scoring,5.1-D1c,WARN,FAIL,post-execution verification block missing ('**After execution**; verify:')
rev-ops,deal-health-scoring,5.1-D1d,WARN,FAIL,3-band confidence calibration missing (High/Medium/Low format)
rev-ops,deal-health-scoring,5.1-D4a,WARN,SKIP,anti-pattern count=0 (check 5.1 FAIL may explain; verify manually)
rev-ops,deal-health-scoring,5.1a,WARN,FAIL,references/reasoning-blueprint.md not found
rev-ops,deal-health-scoring,6.1,WARN,FAIL,## Reference Files section missing
rev-ops,deal-health-scoring,6.1a,WARN,FAIL,reasoning-blueprint.md not referenced in SKILL.md
rev-ops,deal-health-scoring,9.1,WARN,PASS,G-code governance reference found
rev-ops,deal-health-scoring,S1,WARN,FAIL,no output status signal found (PROPOSED/VALIDATED/DRAFT)
rev-ops,deal-to-outcome-tracing,1.1,BLOCK,PASS,deployment_target=plugin
rev-ops,deal-to-outcome-tracing,1.1a,BLOCK,PASS,no top-level security: block in frontmatter
rev-ops,deal-to-outcome-tracing,1.2,WARN,PASS,version=1.0.0
rev-ops,deal-to-outcome-tracing,1.3,WARN,PASS,name=deal-to-outcome-tracing
rev-ops,deal-to-outcome-tracing,1.4,WARN,PASS,description present
rev-ops,deal-to-outcome-tracing,2.1,BLOCK,PASS,## Use When / Trigger Precision present
rev-ops,deal-to-outcome-tracing,2.2,BLOCK,PASS,## Do NOT Use For / Trigger Precision present
rev-ops,deal-to-outcome-tracing,2.3,WARN,FAIL,## Typical Activation section missing
rev-ops,deal-to-outcome-tracing,3.1,WARN,FAIL,## Pre-flight section missing
rev-ops,deal-to-outcome-tracing,3.2,WARN,FAIL,company-profile.md not referenced
rev-ops,deal-to-outcome-tracing,5.1,WARN,PASS,## Reasoning Protocol present
rev-ops,deal-to-outcome-tracing,5.1-D1a,WARN,FAIL,D1 opening line missing: 'Before generating output; apply these primers:'
rev-ops,deal-to-outcome-tracing,5.1-D1b,WARN,FAIL,missing primers: CLASSIFY;CONSTRAINTS;EXPERT CHECK;ANTI-PATTERNS
rev-ops,deal-to-outcome-tracing,5.1-D1c,WARN,FAIL,post-execution verification block missing ('**After execution**; verify:')
rev-ops,deal-to-outcome-tracing,5.1-D1d,WARN,FAIL,3-band confidence calibration missing (High/Medium/Low format)
rev-ops,deal-to-outcome-tracing,5.1-D4a,WARN,SKIP,anti-pattern count=0 (check 5.1 FAIL may explain; verify manually)
rev-ops,deal-to-outcome-tracing,5.1a,WARN,FAIL,references/reasoning-blueprint.md not found
rev-ops,deal-to-outcome-tracing,6.1,WARN,FAIL,## Reference Files section missing
rev-ops,deal-to-outcome-tracing,6.1a,WARN,FAIL,reasoning-blueprint.md not referenced in SKILL.md
rev-ops,deal-to-outcome-tracing,9.1,WARN,PASS,G-code governance reference found
rev-ops,deal-to-outcome-tracing,S1,WARN,FAIL,no output status signal found (PROPOSED/VALIDATED/DRAFT)
rev-ops,discount-threshold-monitoring,1.1,BLOCK,PASS,deployment_target=plugin
rev-ops,discount-threshold-monitoring,1.1a,BLOCK,PASS,no top-level security: block in frontmatter
rev-ops,discount-threshold-monitoring,1.2,WARN,PASS,version=1.0.0
rev-ops,discount-threshold-monitoring,1.3,WARN,PASS,name=discount-threshold-monitoring
rev-ops,discount-threshold-monitoring,1.4,WARN,PASS,description present
rev-ops,discount-threshold-monitoring,2.1,BLOCK,PASS,## Use When / Trigger Precision present
rev-ops,discount-threshold-monitoring,2.2,BLOCK,PASS,## Do NOT Use For / Trigger Precision present
rev-ops,discount-threshold-monitoring,2.3,WARN,FAIL,## Typical Activation section missing
rev-ops,discount-threshold-monitoring,3.1,WARN,FAIL,## Pre-flight section missing
rev-ops,discount-threshold-monitoring,3.2,WARN,FAIL,company-profile.md not referenced
rev-ops,discount-threshold-monitoring,5.1,WARN,PASS,## Reasoning Protocol present
rev-ops,discount-threshold-monitoring,5.1-D1a,WARN,FAIL,D1 opening line missing: 'Before generating output; apply these primers:'
rev-ops,discount-threshold-monitoring,5.1-D1b,WARN,FAIL,missing primers: CLASSIFY;CONSTRAINTS;EXPERT CHECK;ANTI-PATTERNS
rev-ops,discount-threshold-monitoring,5.1-D1c,WARN,FAIL,post-execution verification block missing ('**After execution**; verify:')
rev-ops,discount-threshold-monitoring,5.1-D1d,WARN,FAIL,3-band confidence calibration missing (High/Medium/Low format)
rev-ops,discount-threshold-monitoring,5.1-D4a,WARN,SKIP,anti-pattern count=0 (check 5.1 FAIL may explain; verify manually)
rev-ops,discount-threshold-monitoring,5.1a,WARN,FAIL,references/reasoning-blueprint.md not found
rev-ops,discount-threshold-monitoring,6.1,WARN,FAIL,## Reference Files section missing
rev-ops,discount-threshold-monitoring,6.1a,WARN,FAIL,reasoning-blueprint.md not referenced in SKILL.md
rev-ops,discount-threshold-monitoring,9.1,WARN,PASS,G-code governance reference found
rev-ops,discount-threshold-monitoring,S1,WARN,FAIL,no output status signal found (PROPOSED/VALIDATED/DRAFT)
rev-ops,duplicate-detection,1.1,BLOCK,PASS,deployment_target=plugin
rev-ops,duplicate-detection,1.1a,BLOCK,PASS,no top-level security: block in frontmatter
rev-ops,duplicate-detection,1.2,WARN,PASS,version=1.0.0
rev-ops,duplicate-detection,1.3,WARN,PASS,name=duplicate-detection
rev-ops,duplicate-detection,1.4,WARN,PASS,description present
rev-ops,duplicate-detection,2.1,BLOCK,PASS,## Use When / Trigger Precision present
rev-ops,duplicate-detection,2.2,BLOCK,PASS,## Do NOT Use For / Trigger Precision present
rev-ops,duplicate-detection,2.3,WARN,FAIL,## Typical Activation section missing
rev-ops,duplicate-detection,3.1,WARN,FAIL,## Pre-flight section missing
rev-ops,duplicate-detection,3.2,WARN,FAIL,company-profile.md not referenced
rev-ops,duplicate-detection,5.1,WARN,PASS,## Reasoning Protocol present
rev-ops,duplicate-detection,5.1-D1a,WARN,FAIL,D1 opening line missing: 'Before generating output; apply these primers:'
rev-ops,duplicate-detection,5.1-D1b,WARN,FAIL,missing primers: CLASSIFY;CONSTRAINTS;EXPERT CHECK;ANTI-PATTERNS
rev-ops,duplicate-detection,5.1-D1c,WARN,FAIL,post-execution verification block missing ('**After execution**; verify:')
rev-ops,duplicate-detection,5.1-D1d,WARN,FAIL,3-band confidence calibration missing (High/Medium/Low format)
rev-ops,duplicate-detection,5.1-D4a,WARN,SKIP,anti-pattern count=0 (check 5.1 FAIL may explain; verify manually)
rev-ops,duplicate-detection,5.1a,WARN,FAIL,references/reasoning-blueprint.md not found
rev-ops,duplicate-detection,6.1,WARN,FAIL,## Reference Files section missing
rev-ops,duplicate-detection,6.1a,WARN,FAIL,reasoning-blueprint.md not referenced in SKILL.md
rev-ops,duplicate-detection,9.1,WARN,PASS,G-code governance reference found
rev-ops,duplicate-detection,S1,WARN,FAIL,no output status signal found (PROPOSED/VALIDATED/DRAFT)
rev-ops,early-churn-downgrade-signal-detection,1.1,BLOCK,PASS,deployment_target=plugin
rev-ops,early-churn-downgrade-signal-detection,1.1a,BLOCK,PASS,no top-level security: block in frontmatter
rev-ops,early-churn-downgrade-signal-detection,1.2,WARN,PASS,version=1.0.0
rev-ops,early-churn-downgrade-signal-detection,1.3,WARN,PASS,name=early-churn-downgrade-signal-detection
rev-ops,early-churn-downgrade-signal-detection,1.4,WARN,PASS,description present
rev-ops,early-churn-downgrade-signal-detection,2.1,BLOCK,PASS,## Use When / Trigger Precision present
rev-ops,early-churn-downgrade-signal-detection,2.2,BLOCK,PASS,## Do NOT Use For / Trigger Precision present
rev-ops,early-churn-downgrade-signal-detection,2.3,WARN,FAIL,## Typical Activation section missing
rev-ops,early-churn-downgrade-signal-detection,3.1,WARN,FAIL,## Pre-flight section missing
rev-ops,early-churn-downgrade-signal-detection,3.2,WARN,FAIL,company-profile.md not referenced
rev-ops,early-churn-downgrade-signal-detection,5.1,WARN,PASS,## Reasoning Protocol present
rev-ops,early-churn-downgrade-signal-detection,5.1-D1a,WARN,FAIL,D1 opening line missing: 'Before generating output; apply these primers:'
rev-ops,early-churn-downgrade-signal-detection,5.1-D1b,WARN,FAIL,missing primers: CLASSIFY;CONSTRAINTS;EXPERT CHECK;ANTI-PATTERNS
rev-ops,early-churn-downgrade-signal-detection,5.1-D1c,WARN,FAIL,post-execution verification block missing ('**After execution**; verify:')
rev-ops,early-churn-downgrade-signal-detection,5.1-D1d,WARN,FAIL,3-band confidence calibration missing (High/Medium/Low format)
rev-ops,early-churn-downgrade-signal-detection,5.1-D4a,WARN,SKIP,anti-pattern count=0 (check 5.1 FAIL may explain; verify manually)
rev-ops,early-churn-downgrade-signal-detection,5.1a,WARN,FAIL,references/reasoning-blueprint.md not found
rev-ops,early-churn-downgrade-signal-detection,6.1,WARN,FAIL,## Reference Files section missing
rev-ops,early-churn-downgrade-signal-detection,6.1a,WARN,FAIL,reasoning-blueprint.md not referenced in SKILL.md
rev-ops,early-churn-downgrade-signal-detection,9.1,WARN,PASS,G-code governance reference found
rev-ops,early-churn-downgrade-signal-detection,S1,WARN,FAIL,no output status signal found (PROPOSED/VALIDATED/DRAFT)
rev-ops,field-completion-monitoring,1.1,BLOCK,PASS,deployment_target=plugin
rev-ops,field-completion-monitoring,1.1a,BLOCK,PASS,no top-level security: block in frontmatter
rev-ops,field-completion-monitoring,1.2,WARN,PASS,version=1.0.0
rev-ops,field-completion-monitoring,1.3,WARN,PASS,name=field-completion-monitoring
rev-ops,field-completion-monitoring,1.4,WARN,PASS,description present
rev-ops,field-completion-monitoring,2.1,BLOCK,PASS,## Use When / Trigger Precision present
rev-ops,field-completion-monitoring,2.2,BLOCK,PASS,## Do NOT Use For / Trigger Precision present
rev-ops,field-completion-monitoring,2.3,WARN,FAIL,## Typical Activation section missing
rev-ops,field-completion-monitoring,3.1,WARN,FAIL,## Pre-flight section missing
rev-ops,field-completion-monitoring,3.2,WARN,FAIL,company-profile.md not referenced
rev-ops,field-completion-monitoring,5.1,WARN,PASS,## Reasoning Protocol present
rev-ops,field-completion-monitoring,5.1-D1a,WARN,FAIL,D1 opening line missing: 'Before generating output; apply these primers:'
rev-ops,field-completion-monitoring,5.1-D1b,WARN,FAIL,missing primers: CLASSIFY;CONSTRAINTS;EXPERT CHECK;ANTI-PATTERNS
rev-ops,field-completion-monitoring,5.1-D1c,WARN,FAIL,post-execution verification block missing ('**After execution**; verify:')
rev-ops,field-completion-monitoring,5.1-D1d,WARN,FAIL,3-band confidence calibration missing (High/Medium/Low format)
rev-ops,field-completion-monitoring,5.1-D4a,WARN,SKIP,anti-pattern count=0 (check 5.1 FAIL may explain; verify manually)
rev-ops,field-completion-monitoring,5.1a,WARN,FAIL,references/reasoning-blueprint.md not found
rev-ops,field-completion-monitoring,6.1,WARN,FAIL,## Reference Files section missing
rev-ops,field-completion-monitoring,6.1a,WARN,FAIL,reasoning-blueprint.md not referenced in SKILL.md
rev-ops,field-completion-monitoring,9.1,WARN,PASS,G-code governance reference found
rev-ops,field-completion-monitoring,S1,WARN,FAIL,no output status signal found (PROPOSED/VALIDATED/DRAFT)
rev-ops,forecast-variance-analysis,1.1,BLOCK,PASS,deployment_target=plugin
rev-ops,forecast-variance-analysis,1.1a,BLOCK,PASS,no top-level security: block in frontmatter
rev-ops,forecast-variance-analysis,1.2,WARN,PASS,version=1.0.0
rev-ops,forecast-variance-analysis,1.3,WARN,PASS,name=forecast-variance-analysis
rev-ops,forecast-variance-analysis,1.4,WARN,PASS,description present
rev-ops,forecast-variance-analysis,2.1,BLOCK,PASS,## Use When / Trigger Precision present
rev-ops,forecast-variance-analysis,2.2,BLOCK,PASS,## Do NOT Use For / Trigger Precision present
rev-ops,forecast-variance-analysis,2.3,WARN,FAIL,## Typical Activation section missing
rev-ops,forecast-variance-analysis,3.1,WARN,FAIL,## Pre-flight section missing
rev-ops,forecast-variance-analysis,3.2,WARN,FAIL,company-profile.md not referenced
rev-ops,forecast-variance-analysis,5.1,WARN,PASS,## Reasoning Protocol present
rev-ops,forecast-variance-analysis,5.1-D1a,WARN,FAIL,D1 opening line missing: 'Before generating output; apply these primers:'
rev-ops,forecast-variance-analysis,5.1-D1b,WARN,FAIL,missing primers: CLASSIFY;CONSTRAINTS;EXPERT CHECK;ANTI-PATTERNS
rev-ops,forecast-variance-analysis,5.1-D1c,WARN,FAIL,post-execution verification block missing ('**After execution**; verify:')
rev-ops,forecast-variance-analysis,5.1-D1d,WARN,FAIL,3-band confidence calibration missing (High/Medium/Low format)
rev-ops,forecast-variance-analysis,5.1-D4a,WARN,SKIP,anti-pattern count=0 (check 5.1 FAIL may explain; verify manually)
rev-ops,forecast-variance-analysis,5.1a,WARN,FAIL,references/reasoning-blueprint.md not found
rev-ops,forecast-variance-analysis,6.1,WARN,FAIL,## Reference Files section missing
rev-ops,forecast-variance-analysis,6.1a,WARN,FAIL,reasoning-blueprint.md not referenced in SKILL.md
rev-ops,forecast-variance-analysis,9.1,WARN,PASS,G-code governance reference found
rev-ops,forecast-variance-analysis,S1,WARN,FAIL,no output status signal found (PROPOSED/VALIDATED/DRAFT)
rev-ops,growth-model-vs-actuals-tracking,1.1,BLOCK,PASS,deployment_target=plugin
rev-ops,growth-model-vs-actuals-tracking,1.1a,BLOCK,PASS,no top-level security: block in frontmatter
rev-ops,growth-model-vs-actuals-tracking,1.2,WARN,PASS,version=1.0.0
rev-ops,growth-model-vs-actuals-tracking,1.3,WARN,PASS,name=growth-model-vs-actuals-tracking
rev-ops,growth-model-vs-actuals-tracking,1.4,WARN,PASS,description present
rev-ops,growth-model-vs-actuals-tracking,2.1,BLOCK,PASS,## Use When / Trigger Precision present
rev-ops,growth-model-vs-actuals-tracking,2.2,BLOCK,PASS,## Do NOT Use For / Trigger Precision present
rev-ops,growth-model-vs-actuals-tracking,2.3,WARN,FAIL,## Typical Activation section missing
rev-ops,growth-model-vs-actuals-tracking,3.1,WARN,FAIL,## Pre-flight section missing
rev-ops,growth-model-vs-actuals-tracking,3.2,WARN,FAIL,company-profile.md not referenced
rev-ops,growth-model-vs-actuals-tracking,5.1,WARN,PASS,## Reasoning Protocol present
rev-ops,growth-model-vs-actuals-tracking,5.1-D1a,WARN,FAIL,D1 opening line missing: 'Before generating output; apply these primers:'
rev-ops,growth-model-vs-actuals-tracking,5.1-D1b,WARN,FAIL,missing primers: CLASSIFY;CONSTRAINTS;EXPERT CHECK;ANTI-PATTERNS
rev-ops,growth-model-vs-actuals-tracking,5.1-D1c,WARN,FAIL,post-execution verification block missing ('**After execution**; verify:')
rev-ops,growth-model-vs-actuals-tracking,5.1-D1d,WARN,FAIL,3-band confidence calibration missing (High/Medium/Low format)
rev-ops,growth-model-vs-actuals-tracking,5.1-D4a,WARN,SKIP,anti-pattern count=0 (check 5.1 FAIL may explain; verify manually)
rev-ops,growth-model-vs-actuals-tracking,5.1a,WARN,FAIL,references/reasoning-blueprint.md not found
rev-ops,growth-model-vs-actuals-tracking,6.1,WARN,FAIL,## Reference Files section missing
rev-ops,growth-model-vs-actuals-tracking,6.1a,WARN,FAIL,reasoning-blueprint.md not referenced in SKILL.md
rev-ops,growth-model-vs-actuals-tracking,9.1,WARN,PASS,G-code governance reference found
rev-ops,growth-model-vs-actuals-tracking,S1,WARN,FAIL,no output status signal found (PROPOSED/VALIDATED/DRAFT)
rev-ops,gtm-unified-metrics-pulse,1.1,BLOCK,PASS,deployment_target=plugin
rev-ops,gtm-unified-metrics-pulse,1.1a,BLOCK,PASS,no top-level security: block in frontmatter
rev-ops,gtm-unified-metrics-pulse,1.2,WARN,PASS,version=1.0.0
rev-ops,gtm-unified-metrics-pulse,1.3,WARN,PASS,name=gtm-unified-metrics-pulse
rev-ops,gtm-unified-metrics-pulse,1.4,WARN,PASS,description present
rev-ops,gtm-unified-metrics-pulse,2.1,BLOCK,PASS,## Use When / Trigger Precision present
rev-ops,gtm-unified-metrics-pulse,2.2,BLOCK,PASS,## Do NOT Use For / Trigger Precision present
rev-ops,gtm-unified-metrics-pulse,2.3,WARN,FAIL,## Typical Activation section missing
rev-ops,gtm-unified-metrics-pulse,3.1,WARN,FAIL,## Pre-flight section missing
rev-ops,gtm-unified-metrics-pulse,3.2,WARN,FAIL,company-profile.md not referenced
rev-ops,gtm-unified-metrics-pulse,5.1,WARN,PASS,## Reasoning Protocol present
rev-ops,gtm-unified-metrics-pulse,5.1-D1a,WARN,FAIL,D1 opening line missing: 'Before generating output; apply these primers:'
rev-ops,gtm-unified-metrics-pulse,5.1-D1b,WARN,FAIL,missing primers: CLASSIFY;CONSTRAINTS;EXPERT CHECK;ANTI-PATTERNS
rev-ops,gtm-unified-metrics-pulse,5.1-D1c,WARN,FAIL,post-execution verification block missing ('**After execution**; verify:')
rev-ops,gtm-unified-metrics-pulse,5.1-D1d,WARN,FAIL,3-band confidence calibration missing (High/Medium/Low format)
rev-ops,gtm-unified-metrics-pulse,5.1-D4a,WARN,SKIP,anti-pattern count=0 (check 5.1 FAIL may explain; verify manually)
rev-ops,gtm-unified-metrics-pulse,5.1a,WARN,FAIL,references/reasoning-blueprint.md not found
rev-ops,gtm-unified-metrics-pulse,6.1,WARN,FAIL,## Reference Files section missing
rev-ops,gtm-unified-metrics-pulse,6.1a,WARN,FAIL,reasoning-blueprint.md not referenced in SKILL.md
rev-ops,gtm-unified-metrics-pulse,9.1,WARN,PASS,G-code governance reference found
rev-ops,gtm-unified-metrics-pulse,S1,WARN,FAIL,no output status signal found (PROPOSED/VALIDATED/DRAFT)
rev-ops,mid-year-replan-triggering,1.1,BLOCK,PASS,deployment_target=plugin
rev-ops,mid-year-replan-triggering,1.1a,BLOCK,PASS,no top-level security: block in frontmatter
rev-ops,mid-year-replan-triggering,1.2,WARN,PASS,version=1.0.0
rev-ops,mid-year-replan-triggering,1.3,WARN,PASS,name=mid-year-replan-triggering
rev-ops,mid-year-replan-triggering,1.4,WARN,PASS,description present
rev-ops,mid-year-replan-triggering,2.1,BLOCK,PASS,## Use When / Trigger Precision present
rev-ops,mid-year-replan-triggering,2.2,BLOCK,PASS,## Do NOT Use For / Trigger Precision present
rev-ops,mid-year-replan-triggering,2.3,WARN,FAIL,## Typical Activation section missing
rev-ops,mid-year-replan-triggering,3.1,WARN,FAIL,## Pre-flight section missing
rev-ops,mid-year-replan-triggering,3.2,WARN,FAIL,company-profile.md not referenced
rev-ops,mid-year-replan-triggering,5.1,WARN,PASS,## Reasoning Protocol present
rev-ops,mid-year-replan-triggering,5.1-D1a,WARN,FAIL,D1 opening line missing: 'Before generating output; apply these primers:'
rev-ops,mid-year-replan-triggering,5.1-D1b,WARN,FAIL,missing primers: CLASSIFY;CONSTRAINTS;EXPERT CHECK;ANTI-PATTERNS
rev-ops,mid-year-replan-triggering,5.1-D1c,WARN,FAIL,post-execution verification block missing ('**After execution**; verify:')
rev-ops,mid-year-replan-triggering,5.1-D1d,WARN,FAIL,3-band confidence calibration missing (High/Medium/Low format)
rev-ops,mid-year-replan-triggering,5.1-D4a,WARN,SKIP,anti-pattern count=0 (check 5.1 FAIL may explain; verify manually)
rev-ops,mid-year-replan-triggering,5.1a,WARN,FAIL,references/reasoning-blueprint.md not found
rev-ops,mid-year-replan-triggering,6.1,WARN,FAIL,## Reference Files section missing
rev-ops,mid-year-replan-triggering,6.1a,WARN,FAIL,reasoning-blueprint.md not referenced in SKILL.md
rev-ops,mid-year-replan-triggering,9.1,WARN,PASS,G-code governance reference found
rev-ops,mid-year-replan-triggering,S1,WARN,FAIL,no output status signal found (PROPOSED/VALIDATED/DRAFT)
rev-ops,next-best-action-recommendation,1.1,BLOCK,PASS,deployment_target=plugin
rev-ops,next-best-action-recommendation,1.1a,BLOCK,PASS,no top-level security: block in frontmatter
rev-ops,next-best-action-recommendation,1.2,WARN,PASS,version=1.0.0
rev-ops,next-best-action-recommendation,1.3,WARN,PASS,name=next-best-action-recommendation
rev-ops,next-best-action-recommendation,1.4,WARN,PASS,description present
rev-ops,next-best-action-recommendation,2.1,BLOCK,PASS,## Use When / Trigger Precision present
rev-ops,next-best-action-recommendation,2.2,BLOCK,PASS,## Do NOT Use For / Trigger Precision present
rev-ops,next-best-action-recommendation,2.3,WARN,FAIL,## Typical Activation section missing
rev-ops,next-best-action-recommendation,3.1,WARN,FAIL,## Pre-flight section missing
rev-ops,next-best-action-recommendation,3.2,WARN,FAIL,company-profile.md not referenced
rev-ops,next-best-action-recommendation,5.1,WARN,PASS,## Reasoning Protocol present
rev-ops,next-best-action-recommendation,5.1-D1a,WARN,FAIL,D1 opening line missing: 'Before generating output; apply these primers:'
rev-ops,next-best-action-recommendation,5.1-D1b,WARN,FAIL,missing primers: CLASSIFY;CONSTRAINTS;EXPERT CHECK;ANTI-PATTERNS
rev-ops,next-best-action-recommendation,5.1-D1c,WARN,FAIL,post-execution verification block missing ('**After execution**; verify:')
rev-ops,next-best-action-recommendation,5.1-D1d,WARN,FAIL,3-band confidence calibration missing (High/Medium/Low format)
rev-ops,next-best-action-recommendation,5.1-D4a,WARN,SKIP,anti-pattern count=0 (check 5.1 FAIL may explain; verify manually)
rev-ops,next-best-action-recommendation,5.1a,WARN,FAIL,references/reasoning-blueprint.md not found
rev-ops,next-best-action-recommendation,6.1,WARN,FAIL,## Reference Files section missing
rev-ops,next-best-action-recommendation,6.1a,WARN,FAIL,reasoning-blueprint.md not referenced in SKILL.md
rev-ops,next-best-action-recommendation,9.1,WARN,PASS,G-code governance reference found
rev-ops,next-best-action-recommendation,S1,WARN,FAIL,no output status signal found (PROPOSED/VALIDATED/DRAFT)
rev-ops,non-standard-terms-detection,1.1,BLOCK,PASS,deployment_target=plugin
rev-ops,non-standard-terms-detection,1.1a,BLOCK,PASS,no top-level security: block in frontmatter
rev-ops,non-standard-terms-detection,1.2,WARN,PASS,version=1.0.0
rev-ops,non-standard-terms-detection,1.3,WARN,PASS,name=non-standard-terms-detection
rev-ops,non-standard-terms-detection,1.4,WARN,PASS,description present
rev-ops,non-standard-terms-detection,2.1,BLOCK,PASS,## Use When / Trigger Precision present
rev-ops,non-standard-terms-detection,2.2,BLOCK,PASS,## Do NOT Use For / Trigger Precision present
rev-ops,non-standard-terms-detection,2.3,WARN,FAIL,## Typical Activation section missing
rev-ops,non-standard-terms-detection,3.1,WARN,FAIL,## Pre-flight section missing
rev-ops,non-standard-terms-detection,3.2,WARN,FAIL,company-profile.md not referenced
rev-ops,non-standard-terms-detection,5.1,WARN,PASS,## Reasoning Protocol present
rev-ops,non-standard-terms-detection,5.1-D1a,WARN,FAIL,D1 opening line missing: 'Before generating output; apply these primers:'
rev-ops,non-standard-terms-detection,5.1-D1b,WARN,FAIL,missing primers: CLASSIFY;CONSTRAINTS;EXPERT CHECK;ANTI-PATTERNS
rev-ops,non-standard-terms-detection,5.1-D1c,WARN,FAIL,post-execution verification block missing ('**After execution**; verify:')
rev-ops,non-standard-terms-detection,5.1-D1d,WARN,FAIL,3-band confidence calibration missing (High/Medium/Low format)
rev-ops,non-standard-terms-detection,5.1-D4a,WARN,SKIP,anti-pattern count=0 (check 5.1 FAIL may explain; verify manually)
rev-ops,non-standard-terms-detection,5.1a,WARN,FAIL,references/reasoning-blueprint.md not found
rev-ops,non-standard-terms-detection,6.1,WARN,FAIL,## Reference Files section missing
rev-ops,non-standard-terms-detection,6.1a,WARN,FAIL,reasoning-blueprint.md not referenced in SKILL.md
rev-ops,non-standard-terms-detection,9.1,WARN,PASS,G-code governance reference found
rev-ops,non-standard-terms-detection,S1,WARN,FAIL,no output status signal found (PROPOSED/VALIDATED/DRAFT)
rev-ops,outcome-statement-builder,1.1,BLOCK,PASS,deployment_target=plugin
rev-ops,outcome-statement-builder,1.1a,BLOCK,PASS,no top-level security: block in frontmatter
rev-ops,outcome-statement-builder,1.2,WARN,FAIL,version field missing from frontmatter
rev-ops,outcome-statement-builder,1.3,WARN,PASS,name=outcome-statement-builder
rev-ops,outcome-statement-builder,1.4,WARN,PASS,description present
rev-ops,outcome-statement-builder,2.1,BLOCK,PASS,## Use When / Trigger Precision present
rev-ops,outcome-statement-builder,2.2,BLOCK,PASS,## Do NOT Use For / Trigger Precision present
rev-ops,outcome-statement-builder,2.3,WARN,FAIL,## Typical Activation section missing
rev-ops,outcome-statement-builder,3.1,WARN,FAIL,## Pre-flight section missing
rev-ops,outcome-statement-builder,3.2,WARN,FAIL,company-profile.md not referenced
rev-ops,outcome-statement-builder,5.1,WARN,FAIL,## Reasoning Protocol section missing
rev-ops,outcome-statement-builder,5.1-D1a,WARN,FAIL,D1 opening line missing: 'Before generating output; apply these primers:'
rev-ops,outcome-statement-builder,5.1-D1b,WARN,FAIL,missing primers: CLASSIFY;CONSTRAINTS;EXPERT CHECK;ANTI-PATTERNS
rev-ops,outcome-statement-builder,5.1-D1c,WARN,FAIL,post-execution verification block missing ('**After execution**; verify:')
rev-ops,outcome-statement-builder,5.1-D1d,WARN,FAIL,3-band confidence calibration missing (High/Medium/Low format)
rev-ops,outcome-statement-builder,5.1-D4a,WARN,SKIP,anti-pattern count=0 (check 5.1 FAIL may explain; verify manually)
rev-ops,outcome-statement-builder,5.1a,WARN,FAIL,references/reasoning-blueprint.md not found
rev-ops,outcome-statement-builder,6.1,WARN,PASS,## Reference Files section present
rev-ops,outcome-statement-builder,6.1a,WARN,FAIL,reasoning-blueprint.md not referenced in SKILL.md
rev-ops,outcome-statement-builder,9.1,WARN,FAIL,no G-code references found in SKILL.md
rev-ops,outcome-statement-builder,S1,WARN,FAIL,no output status signal found (PROPOSED/VALIDATED/DRAFT)
rev-ops,outcome-to-value-tracking,1.1,BLOCK,PASS,deployment_target=plugin
rev-ops,outcome-to-value-tracking,1.1a,BLOCK,PASS,no top-level security: block in frontmatter
rev-ops,outcome-to-value-tracking,1.2,WARN,PASS,version=1.0.0
rev-ops,outcome-to-value-tracking,1.3,WARN,PASS,name=outcome-to-value-tracking
rev-ops,outcome-to-value-tracking,1.4,WARN,PASS,description present
rev-ops,outcome-to-value-tracking,2.1,BLOCK,PASS,## Use When / Trigger Precision present
rev-ops,outcome-to-value-tracking,2.2,BLOCK,PASS,## Do NOT Use For / Trigger Precision present
rev-ops,outcome-to-value-tracking,2.3,WARN,FAIL,## Typical Activation section missing
rev-ops,outcome-to-value-tracking,3.1,WARN,FAIL,## Pre-flight section missing
rev-ops,outcome-to-value-tracking,3.2,WARN,FAIL,company-profile.md not referenced
rev-ops,outcome-to-value-tracking,5.1,WARN,PASS,## Reasoning Protocol present
rev-ops,outcome-to-value-tracking,5.1-D1a,WARN,FAIL,D1 opening line missing: 'Before generating output; apply these primers:'
rev-ops,outcome-to-value-tracking,5.1-D1b,WARN,FAIL,missing primers: CLASSIFY;CONSTRAINTS;EXPERT CHECK;ANTI-PATTERNS
rev-ops,outcome-to-value-tracking,5.1-D1c,WARN,FAIL,post-execution verification block missing ('**After execution**; verify:')
rev-ops,outcome-to-value-tracking,5.1-D1d,WARN,FAIL,3-band confidence calibration missing (High/Medium/Low format)
rev-ops,outcome-to-value-tracking,5.1-D4a,WARN,SKIP,anti-pattern count=0 (check 5.1 FAIL may explain; verify manually)
rev-ops,outcome-to-value-tracking,5.1a,WARN,FAIL,references/reasoning-blueprint.md not found
rev-ops,outcome-to-value-tracking,6.1,WARN,FAIL,## Reference Files section missing
rev-ops,outcome-to-value-tracking,6.1a,WARN,FAIL,reasoning-blueprint.md not referenced in SKILL.md
rev-ops,outcome-to-value-tracking,9.1,WARN,PASS,G-code governance reference found
rev-ops,outcome-to-value-tracking,S1,WARN,FAIL,no output status signal found (PROPOSED/VALIDATED/DRAFT)
rev-ops,pipeline-coverage-analysis,1.1,BLOCK,PASS,deployment_target=plugin
rev-ops,pipeline-coverage-analysis,1.1a,BLOCK,PASS,no top-level security: block in frontmatter
rev-ops,pipeline-coverage-analysis,1.2,WARN,PASS,version=1.0.0
rev-ops,pipeline-coverage-analysis,1.3,WARN,PASS,name=pipeline-coverage-analysis
rev-ops,pipeline-coverage-analysis,1.4,WARN,PASS,description present
rev-ops,pipeline-coverage-analysis,2.1,BLOCK,PASS,## Use When / Trigger Precision present
rev-ops,pipeline-coverage-analysis,2.2,BLOCK,PASS,## Do NOT Use For / Trigger Precision present
rev-ops,pipeline-coverage-analysis,2.3,WARN,FAIL,## Typical Activation section missing
rev-ops,pipeline-coverage-analysis,3.1,WARN,FAIL,## Pre-flight section missing
rev-ops,pipeline-coverage-analysis,3.2,WARN,FAIL,company-profile.md not referenced
rev-ops,pipeline-coverage-analysis,5.1,WARN,PASS,## Reasoning Protocol present
rev-ops,pipeline-coverage-analysis,5.1-D1a,WARN,FAIL,D1 opening line missing: 'Before generating output; apply these primers:'
rev-ops,pipeline-coverage-analysis,5.1-D1b,WARN,FAIL,missing primers: CLASSIFY;CONSTRAINTS;EXPERT CHECK;ANTI-PATTERNS
rev-ops,pipeline-coverage-analysis,5.1-D1c,WARN,FAIL,post-execution verification block missing ('**After execution**; verify:')
rev-ops,pipeline-coverage-analysis,5.1-D1d,WARN,FAIL,3-band confidence calibration missing (High/Medium/Low format)
rev-ops,pipeline-coverage-analysis,5.1-D4a,WARN,SKIP,anti-pattern count=0 (check 5.1 FAIL may explain; verify manually)
rev-ops,pipeline-coverage-analysis,5.1a,WARN,FAIL,references/reasoning-blueprint.md not found
rev-ops,pipeline-coverage-analysis,6.1,WARN,FAIL,## Reference Files section missing
rev-ops,pipeline-coverage-analysis,6.1a,WARN,FAIL,reasoning-blueprint.md not referenced in SKILL.md
rev-ops,pipeline-coverage-analysis,9.1,WARN,PASS,G-code governance reference found
rev-ops,pipeline-coverage-analysis,S1,WARN,FAIL,no output status signal found (PROPOSED/VALIDATED/DRAFT)
rev-ops,pipeline-velocity-tracking,1.1,BLOCK,PASS,deployment_target=plugin
rev-ops,pipeline-velocity-tracking,1.1a,BLOCK,PASS,no top-level security: block in frontmatter
rev-ops,pipeline-velocity-tracking,1.2,WARN,PASS,version=1.0.0
rev-ops,pipeline-velocity-tracking,1.3,WARN,PASS,name=pipeline-velocity-tracking
rev-ops,pipeline-velocity-tracking,1.4,WARN,PASS,description present
rev-ops,pipeline-velocity-tracking,2.1,BLOCK,PASS,## Use When / Trigger Precision present
rev-ops,pipeline-velocity-tracking,2.2,BLOCK,PASS,## Do NOT Use For / Trigger Precision present
rev-ops,pipeline-velocity-tracking,2.3,WARN,FAIL,## Typical Activation section missing
rev-ops,pipeline-velocity-tracking,3.1,WARN,FAIL,## Pre-flight section missing
rev-ops,pipeline-velocity-tracking,3.2,WARN,FAIL,company-profile.md not referenced
rev-ops,pipeline-velocity-tracking,5.1,WARN,PASS,## Reasoning Protocol present
rev-ops,pipeline-velocity-tracking,5.1-D1a,WARN,FAIL,D1 opening line missing: 'Before generating output; apply these primers:'
rev-ops,pipeline-velocity-tracking,5.1-D1b,WARN,FAIL,missing primers: CLASSIFY;CONSTRAINTS;EXPERT CHECK;ANTI-PATTERNS
rev-ops,pipeline-velocity-tracking,5.1-D1c,WARN,FAIL,post-execution verification block missing ('**After execution**; verify:')
rev-ops,pipeline-velocity-tracking,5.1-D1d,WARN,FAIL,3-band confidence calibration missing (High/Medium/Low format)
rev-ops,pipeline-velocity-tracking,5.1-D4a,WARN,SKIP,anti-pattern count=0 (check 5.1 FAIL may explain; verify manually)
rev-ops,pipeline-velocity-tracking,5.1a,WARN,FAIL,references/reasoning-blueprint.md not found
rev-ops,pipeline-velocity-tracking,6.1,WARN,FAIL,## Reference Files section missing
rev-ops,pipeline-velocity-tracking,6.1a,WARN,FAIL,reasoning-blueprint.md not referenced in SKILL.md
rev-ops,pipeline-velocity-tracking,9.1,WARN,PASS,G-code governance reference found
rev-ops,pipeline-velocity-tracking,S1,WARN,FAIL,no output status signal found (PROPOSED/VALIDATED/DRAFT)
rev-ops,quota-sensitivity-analysis,1.1,BLOCK,PASS,deployment_target=plugin
rev-ops,quota-sensitivity-analysis,1.1a,BLOCK,PASS,no top-level security: block in frontmatter
rev-ops,quota-sensitivity-analysis,1.2,WARN,PASS,version=1.0.0
rev-ops,quota-sensitivity-analysis,1.3,WARN,PASS,name=quota-sensitivity-analysis
rev-ops,quota-sensitivity-analysis,1.4,WARN,PASS,description present
rev-ops,quota-sensitivity-analysis,2.1,BLOCK,PASS,## Use When / Trigger Precision present
rev-ops,quota-sensitivity-analysis,2.2,BLOCK,PASS,## Do NOT Use For / Trigger Precision present
rev-ops,quota-sensitivity-analysis,2.3,WARN,FAIL,## Typical Activation section missing
rev-ops,quota-sensitivity-analysis,3.1,WARN,FAIL,## Pre-flight section missing
rev-ops,quota-sensitivity-analysis,3.2,WARN,FAIL,company-profile.md not referenced
rev-ops,quota-sensitivity-analysis,5.1,WARN,PASS,## Reasoning Protocol present
rev-ops,quota-sensitivity-analysis,5.1-D1a,WARN,FAIL,D1 opening line missing: 'Before generating output; apply these primers:'
rev-ops,quota-sensitivity-analysis,5.1-D1b,WARN,FAIL,missing primers: CLASSIFY;CONSTRAINTS;EXPERT CHECK;ANTI-PATTERNS
rev-ops,quota-sensitivity-analysis,5.1-D1c,WARN,FAIL,post-execution verification block missing ('**After execution**; verify:')
rev-ops,quota-sensitivity-analysis,5.1-D1d,WARN,FAIL,3-band confidence calibration missing (High/Medium/Low format)
rev-ops,quota-sensitivity-analysis,5.1-D4a,WARN,SKIP,anti-pattern count=0 (check 5.1 FAIL may explain; verify manually)
rev-ops,quota-sensitivity-analysis,5.1a,WARN,FAIL,references/reasoning-blueprint.md not found
rev-ops,quota-sensitivity-analysis,6.1,WARN,FAIL,## Reference Files section missing
rev-ops,quota-sensitivity-analysis,6.1a,WARN,FAIL,reasoning-blueprint.md not referenced in SKILL.md
rev-ops,quota-sensitivity-analysis,9.1,WARN,PASS,G-code governance reference found
rev-ops,quota-sensitivity-analysis,S1,WARN,PASS,status signal=[DRAFT]
rev-ops,revenue-brief-generation,1.1,BLOCK,PASS,deployment_target=plugin
rev-ops,revenue-brief-generation,1.1a,BLOCK,PASS,no top-level security: block in frontmatter
rev-ops,revenue-brief-generation,1.2,WARN,PASS,version=1.0.0
rev-ops,revenue-brief-generation,1.3,WARN,PASS,name=revenue-brief-generation
rev-ops,revenue-brief-generation,1.4,WARN,PASS,description present
rev-ops,revenue-brief-generation,2.1,BLOCK,PASS,## Use When / Trigger Precision present
rev-ops,revenue-brief-generation,2.2,BLOCK,PASS,## Do NOT Use For / Trigger Precision present
rev-ops,revenue-brief-generation,2.3,WARN,FAIL,## Typical Activation section missing
rev-ops,revenue-brief-generation,3.1,WARN,FAIL,## Pre-flight section missing
rev-ops,revenue-brief-generation,3.2,WARN,FAIL,company-profile.md not referenced
rev-ops,revenue-brief-generation,5.1,WARN,PASS,## Reasoning Protocol present
rev-ops,revenue-brief-generation,5.1-D1a,WARN,FAIL,D1 opening line missing: 'Before generating output; apply these primers:'
rev-ops,revenue-brief-generation,5.1-D1b,WARN,FAIL,missing primers: CLASSIFY;CONSTRAINTS;EXPERT CHECK;ANTI-PATTERNS
rev-ops,revenue-brief-generation,5.1-D1c,WARN,FAIL,post-execution verification block missing ('**After execution**; verify:')
rev-ops,revenue-brief-generation,5.1-D1d,WARN,FAIL,3-band confidence calibration missing (High/Medium/Low format)
rev-ops,revenue-brief-generation,5.1-D4a,WARN,SKIP,anti-pattern count=0 (check 5.1 FAIL may explain; verify manually)
rev-ops,revenue-brief-generation,5.1a,WARN,FAIL,references/reasoning-blueprint.md not found
rev-ops,revenue-brief-generation,6.1,WARN,FAIL,## Reference Files section missing
rev-ops,revenue-brief-generation,6.1a,WARN,FAIL,reasoning-blueprint.md not referenced in SKILL.md
rev-ops,revenue-brief-generation,9.1,WARN,PASS,G-code governance reference found
rev-ops,revenue-brief-generation,S1,WARN,PASS,status signal=[DRAFT]
rev-ops,revenue-leakage-scanning,1.1,BLOCK,PASS,deployment_target=plugin
rev-ops,revenue-leakage-scanning,1.1a,BLOCK,PASS,no top-level security: block in frontmatter
rev-ops,revenue-leakage-scanning,1.2,WARN,PASS,version=1.0.0
rev-ops,revenue-leakage-scanning,1.3,WARN,PASS,name=revenue-leakage-scanning
rev-ops,revenue-leakage-scanning,1.4,WARN,PASS,description present
rev-ops,revenue-leakage-scanning,2.1,BLOCK,PASS,## Use When / Trigger Precision present
rev-ops,revenue-leakage-scanning,2.2,BLOCK,PASS,## Do NOT Use For / Trigger Precision present
rev-ops,revenue-leakage-scanning,2.3,WARN,FAIL,## Typical Activation section missing
rev-ops,revenue-leakage-scanning,3.1,WARN,FAIL,## Pre-flight section missing
rev-ops,revenue-leakage-scanning,3.2,WARN,FAIL,company-profile.md not referenced
rev-ops,revenue-leakage-scanning,5.1,WARN,PASS,## Reasoning Protocol present
rev-ops,revenue-leakage-scanning,5.1-D1a,WARN,FAIL,D1 opening line missing: 'Before generating output; apply these primers:'
rev-ops,revenue-leakage-scanning,5.1-D1b,WARN,FAIL,missing primers: CLASSIFY;CONSTRAINTS;EXPERT CHECK;ANTI-PATTERNS
rev-ops,revenue-leakage-scanning,5.1-D1c,WARN,FAIL,post-execution verification block missing ('**After execution**; verify:')
rev-ops,revenue-leakage-scanning,5.1-D1d,WARN,FAIL,3-band confidence calibration missing (High/Medium/Low format)
rev-ops,revenue-leakage-scanning,5.1-D4a,WARN,SKIP,anti-pattern count=0 (check 5.1 FAIL may explain; verify manually)
rev-ops,revenue-leakage-scanning,5.1a,WARN,FAIL,references/reasoning-blueprint.md not found
rev-ops,revenue-leakage-scanning,6.1,WARN,FAIL,## Reference Files section missing
rev-ops,revenue-leakage-scanning,6.1a,WARN,FAIL,reasoning-blueprint.md not referenced in SKILL.md
rev-ops,revenue-leakage-scanning,9.1,WARN,PASS,G-code governance reference found
rev-ops,revenue-leakage-scanning,S1,WARN,FAIL,no output status signal found (PROPOSED/VALIDATED/DRAFT)
rev-ops,sales-cs-handoff-quality-scoring,1.1,BLOCK,PASS,deployment_target=plugin
rev-ops,sales-cs-handoff-quality-scoring,1.1a,BLOCK,PASS,no top-level security: block in frontmatter
rev-ops,sales-cs-handoff-quality-scoring,1.2,WARN,PASS,version=1.0.0
rev-ops,sales-cs-handoff-quality-scoring,1.3,WARN,PASS,name=sales-cs-handoff-quality-scoring
rev-ops,sales-cs-handoff-quality-scoring,1.4,WARN,PASS,description present
rev-ops,sales-cs-handoff-quality-scoring,2.1,BLOCK,PASS,## Use When / Trigger Precision present
rev-ops,sales-cs-handoff-quality-scoring,2.2,BLOCK,PASS,## Do NOT Use For / Trigger Precision present
rev-ops,sales-cs-handoff-quality-scoring,2.3,WARN,FAIL,## Typical Activation section missing
rev-ops,sales-cs-handoff-quality-scoring,3.1,WARN,FAIL,## Pre-flight section missing
rev-ops,sales-cs-handoff-quality-scoring,3.2,WARN,FAIL,company-profile.md not referenced
rev-ops,sales-cs-handoff-quality-scoring,5.1,WARN,PASS,## Reasoning Protocol present
rev-ops,sales-cs-handoff-quality-scoring,5.1-D1a,WARN,FAIL,D1 opening line missing: 'Before generating output; apply these primers:'
rev-ops,sales-cs-handoff-quality-scoring,5.1-D1b,WARN,FAIL,missing primers: CLASSIFY;CONSTRAINTS;EXPERT CHECK;ANTI-PATTERNS
rev-ops,sales-cs-handoff-quality-scoring,5.1-D1c,WARN,FAIL,post-execution verification block missing ('**After execution**; verify:')
rev-ops,sales-cs-handoff-quality-scoring,5.1-D1d,WARN,FAIL,3-band confidence calibration missing (High/Medium/Low format)
rev-ops,sales-cs-handoff-quality-scoring,5.1-D4a,WARN,SKIP,anti-pattern count=0 (check 5.1 FAIL may explain; verify manually)
rev-ops,sales-cs-handoff-quality-scoring,5.1a,WARN,FAIL,references/reasoning-blueprint.md not found
rev-ops,sales-cs-handoff-quality-scoring,6.1,WARN,FAIL,## Reference Files section missing
rev-ops,sales-cs-handoff-quality-scoring,6.1a,WARN,FAIL,reasoning-blueprint.md not referenced in SKILL.md
rev-ops,sales-cs-handoff-quality-scoring,9.1,WARN,PASS,G-code governance reference found
rev-ops,sales-cs-handoff-quality-scoring,S1,WARN,FAIL,no output status signal found (PROPOSED/VALIDATED/DRAFT)
rev-ops,scenario-modeling,1.1,BLOCK,PASS,deployment_target=plugin
rev-ops,scenario-modeling,1.1a,BLOCK,PASS,no top-level security: block in frontmatter
rev-ops,scenario-modeling,1.2,WARN,PASS,version=1.0.0
rev-ops,scenario-modeling,1.3,WARN,PASS,name=scenario-modeling
rev-ops,scenario-modeling,1.4,WARN,PASS,description present
rev-ops,scenario-modeling,2.1,BLOCK,PASS,## Use When / Trigger Precision present
rev-ops,scenario-modeling,2.2,BLOCK,PASS,## Do NOT Use For / Trigger Precision present
rev-ops,scenario-modeling,2.3,WARN,FAIL,## Typical Activation section missing
rev-ops,scenario-modeling,3.1,WARN,FAIL,## Pre-flight section missing
rev-ops,scenario-modeling,3.2,WARN,FAIL,company-profile.md not referenced
rev-ops,scenario-modeling,5.1,WARN,PASS,## Reasoning Protocol present
rev-ops,scenario-modeling,5.1-D1a,WARN,FAIL,D1 opening line missing: 'Before generating output; apply these primers:'
rev-ops,scenario-modeling,5.1-D1b,WARN,FAIL,missing primers: CLASSIFY;CONSTRAINTS;EXPERT CHECK;ANTI-PATTERNS
rev-ops,scenario-modeling,5.1-D1c,WARN,FAIL,post-execution verification block missing ('**After execution**; verify:')
rev-ops,scenario-modeling,5.1-D1d,WARN,FAIL,3-band confidence calibration missing (High/Medium/Low format)
rev-ops,scenario-modeling,5.1-D4a,WARN,SKIP,anti-pattern count=0 (check 5.1 FAIL may explain; verify manually)
rev-ops,scenario-modeling,5.1a,WARN,FAIL,references/reasoning-blueprint.md not found
rev-ops,scenario-modeling,6.1,WARN,FAIL,## Reference Files section missing
rev-ops,scenario-modeling,6.1a,WARN,FAIL,reasoning-blueprint.md not referenced in SKILL.md
rev-ops,scenario-modeling,9.1,WARN,PASS,G-code governance reference found
rev-ops,scenario-modeling,S1,WARN,FAIL,no output status signal found (PROPOSED/VALIDATED/DRAFT)
rev-ops,stage-integrity-audit,1.1,BLOCK,PASS,deployment_target=plugin
rev-ops,stage-integrity-audit,1.1a,BLOCK,PASS,no top-level security: block in frontmatter
rev-ops,stage-integrity-audit,1.2,WARN,PASS,version=1.0.0
rev-ops,stage-integrity-audit,1.3,WARN,PASS,name=stage-integrity-audit
rev-ops,stage-integrity-audit,1.4,WARN,PASS,description present
rev-ops,stage-integrity-audit,2.1,BLOCK,PASS,## Use When / Trigger Precision present
rev-ops,stage-integrity-audit,2.2,BLOCK,PASS,## Do NOT Use For / Trigger Precision present
rev-ops,stage-integrity-audit,2.3,WARN,FAIL,## Typical Activation section missing
rev-ops,stage-integrity-audit,3.1,WARN,FAIL,## Pre-flight section missing
rev-ops,stage-integrity-audit,3.2,WARN,FAIL,company-profile.md not referenced
rev-ops,stage-integrity-audit,5.1,WARN,PASS,## Reasoning Protocol present
rev-ops,stage-integrity-audit,5.1-D1a,WARN,FAIL,D1 opening line missing: 'Before generating output; apply these primers:'
rev-ops,stage-integrity-audit,5.1-D1b,WARN,FAIL,missing primers: CLASSIFY;CONSTRAINTS;EXPERT CHECK;ANTI-PATTERNS
rev-ops,stage-integrity-audit,5.1-D1c,WARN,FAIL,post-execution verification block missing ('**After execution**; verify:')
rev-ops,stage-integrity-audit,5.1-D1d,WARN,FAIL,3-band confidence calibration missing (High/Medium/Low format)
rev-ops,stage-integrity-audit,5.1-D4a,WARN,SKIP,anti-pattern count=0 (check 5.1 FAIL may explain; verify manually)
rev-ops,stage-integrity-audit,5.1a,WARN,FAIL,references/reasoning-blueprint.md not found
rev-ops,stage-integrity-audit,6.1,WARN,FAIL,## Reference Files section missing
rev-ops,stage-integrity-audit,6.1a,WARN,FAIL,reasoning-blueprint.md not referenced in SKILL.md
rev-ops,stage-integrity-audit,9.1,WARN,PASS,G-code governance reference found
rev-ops,stage-integrity-audit,S1,WARN,FAIL,no output status signal found (PROPOSED/VALIDATED/DRAFT)
rev-ops,unit-of-growth-calculator,1.1,BLOCK,PASS,deployment_target=plugin
rev-ops,unit-of-growth-calculator,1.1a,BLOCK,PASS,no top-level security: block in frontmatter
rev-ops,unit-of-growth-calculator,1.2,WARN,FAIL,version field missing from frontmatter
rev-ops,unit-of-growth-calculator,1.3,WARN,PASS,name=unit-of-growth-calculator
rev-ops,unit-of-growth-calculator,1.4,WARN,PASS,description present
rev-ops,unit-of-growth-calculator,2.1,BLOCK,PASS,## Use When / Trigger Precision present
rev-ops,unit-of-growth-calculator,2.2,BLOCK,PASS,## Do NOT Use For / Trigger Precision present
rev-ops,unit-of-growth-calculator,2.3,WARN,FAIL,## Typical Activation section missing
rev-ops,unit-of-growth-calculator,3.1,WARN,FAIL,## Pre-flight section missing
rev-ops,unit-of-growth-calculator,3.2,WARN,FAIL,company-profile.md not referenced
rev-ops,unit-of-growth-calculator,5.1,WARN,FAIL,## Reasoning Protocol section missing
rev-ops,unit-of-growth-calculator,5.1-D1a,WARN,FAIL,D1 opening line missing: 'Before generating output; apply these primers:'
rev-ops,unit-of-growth-calculator,5.1-D1b,WARN,FAIL,missing primers: CLASSIFY;CONSTRAINTS;EXPERT CHECK;ANTI-PATTERNS
rev-ops,unit-of-growth-calculator,5.1-D1c,WARN,FAIL,post-execution verification block missing ('**After execution**; verify:')
rev-ops,unit-of-growth-calculator,5.1-D1d,WARN,FAIL,3-band confidence calibration missing (High/Medium/Low format)
rev-ops,unit-of-growth-calculator,5.1-D4a,WARN,SKIP,anti-pattern count=0 (check 5.1 FAIL may explain; verify manually)
rev-ops,unit-of-growth-calculator,5.1a,WARN,FAIL,references/reasoning-blueprint.md not found
rev-ops,unit-of-growth-calculator,6.1,WARN,PASS,## Reference Files section present
rev-ops,unit-of-growth-calculator,6.1a,WARN,FAIL,reasoning-blueprint.md not referenced in SKILL.md
rev-ops,unit-of-growth-calculator,9.1,WARN,FAIL,no G-code references found in SKILL.md
rev-ops,unit-of-growth-calculator,S1,WARN,FAIL,no output status signal found (PROPOSED/VALIDATED/DRAFT)
